{
  "tQ7sLFhHm_k": {
    "user_name": "Marco Xu",
    "user_url": "https://unsplash.com/@marcute?utm_source=unsample&utm_medium=referral&utm_campaign=api-credit",
    "photo_url": "https://unsplash.com/photos/tQ7sLFhHm_k?utm_source=unsample&utm_medium=referral&utm_campaign=api-credit"
  },
  "yLXbOfbKS7Y": {
    "user_name": "Ciocan Ciprian",
    "user_url": "https://unsplash.com/@cipriann?utm_source=unsample&utm_medium=referral&utm_campaign=api-credit",
    "photo_url": "https://unsplash.com/photos/yLXbOfbKS7Y?utm_source=unsample&utm_medium=referral&utm_campaign=api-credit"
  },
  "92sOax8LmsU": {
    "user_name": "Devin Justesen",
    "user_url": "https://unsplash.com/@devjustesen?utm_source=unsample&utm_medium=referral&utm_campaign=api-credit",
    "photo_url": "https://unsplash.com/photos/92sOax8LmsU?utm_source=unsample&utm_medium=referral&utm_campaign=api-credit"
  },
  "XHgO0nE6_xc": {
    "user_name": "Chris Benson",
    "user_url": "https://unsplash.com/@lordmaui?utm_source=unsample&utm_medium=referral&utm_campaign=api-credit",
    "photo_url": "https://unsplash.com/photos/XHgO0nE6_xc?utm_source=unsample&utm_medium=referral&utm_campaign=api-credit"
  },
  "qHx641C64Zw": {
    "user_name": "Sola Kabuta",
    "user_url": "https://unsplash.com/@solakabuta?utm_source=unsample&utm_medium=referral&utm_campaign=api-credit",
    "photo_url": "https://unsplash.com/photos/qHx641C64Zw?utm_source=unsample&utm_medium=referral&utm_campaign=api-credit"
  },
  "j51Rs8QKeAM": {
    "user_name": "Annie Spratt",
    "user_url": "https://unsplash.com/@anniespratt?utm_source=unsample&utm_medium=referral&utm_campaign=api-credit",
    "photo_url": "https://unsplash.com/photos/j51Rs8QKeAM?utm_source=unsample&utm_medium=referral&utm_campaign=api-credit"
  },
  "mEPfuNgsueM": {
    "user_name": "Will Li",
    "user_url": "https://unsplash.com/@willske?utm_source=unsample&utm_medium=referral&utm_campaign=api-credit",
    "photo_url": "https://unsplash.com/photos/mEPfuNgsueM?utm_source=unsample&utm_medium=referral&utm_campaign=api-credit"
  },
  "QJv-TlL1T9M": {
    "user_name": "Muneeb Syed",
    "user_url": "https://unsplash.com/@muneebs88?utm_source=unsample&utm_medium=referral&utm_campaign=api-credit",
    "photo_url": "https://unsplash.com/photos/QJv-TlL1T9M?utm_source=unsample&utm_medium=referral&utm_campaign=api-credit"
  },
  "tAvpDE7fXgY": {
    "user_name": "Harps Joseph",
    "user_url": "https://unsplash.com/@harpsjoseph?utm_source=unsample&utm_medium=referral&utm_campaign=api-credit",
    "photo_url": "https://unsplash.com/photos/tAvpDE7fXgY?utm_source=unsample&utm_medium=referral&utm_campaign=api-credit"
  },
  "ULAIZP0_FQ8": {
    "user_name": "Matteo Kutufa",
    "user_url": "https://unsplash.com/@matteo_kutufa?utm_source=unsample&utm_medium=referral&utm_campaign=api-credit",
    "photo_url": "https://unsplash.com/photos/ULAIZP0_FQ8?utm_source=unsample&utm_medium=referral&utm_campaign=api-credit"
  },
  "XVlOOeIwLg0": {
    "user_name": "Clem Onojeghuo",
    "user_url": "https://unsplash.com/@clemono2?utm_source=unsample&utm_medium=referral&utm_campaign=api-credit",
    "photo_url": "https://unsplash.com/photos/XVlOOeIwLg0?utm_source=unsample&utm_medium=referral&utm_campaign=api-credit"
  },
  "gF78ebcwb6E": {
    "user_name": "Alexander Krivitskiy",
    "user_url": "https://unsplash.com/@krivitskiy?utm_source=unsample&utm_medium=referral&utm_campaign=api-credit",
    "photo_url": "https://unsplash.com/photos/gF78ebcwb6E?utm_source=unsample&utm_medium=referral&utm_campaign=api-credit"
  },
  "YCwuOkSRlCY": {
    "user_name": "Brooke Cagle",
    "user_url": "https://unsplash.com/@brookecagle?utm_source=unsample&utm_medium=referral&utm_campaign=api-credit",
    "photo_url": "https://unsplash.com/photos/YCwuOkSRlCY?utm_source=unsample&utm_medium=referral&utm_campaign=api-credit"
  },
  "AuCrXk0pLWo": {
    "user_name": "Nick Arnot",
    "user_url": "https://unsplash.com/@nickarnot?utm_source=unsample&utm_medium=referral&utm_campaign=api-credit",
    "photo_url": "https://unsplash.com/photos/AuCrXk0pLWo?utm_source=unsample&utm_medium=referral&utm_campaign=api-credit"
  },
  "Z2u8hseVlZc": {
    "user_name": "u ɐ ʎ ɹ q",
    "user_url": "https://unsplash.com/@bryaanfilms?utm_source=unsample&utm_medium=referral&utm_campaign=api-credit",
    "photo_url": "https://unsplash.com/photos/Z2u8hseVlZc?utm_source=unsample&utm_medium=referral&utm_campaign=api-credit"
  },
  "va0YmkIFtPA": {
    "user_name": "Christopher Campbell",
    "user_url": "https://unsplash.com/@chrisjoelcampbell?utm_source=unsample&utm_medium=referral&utm_campaign=api-credit",
    "photo_url": "https://unsplash.com/photos/va0YmkIFtPA?utm_source=unsample&utm_medium=referral&utm_campaign=api-credit"
  },
  "a1f1_0AOQss": {
    "user_name": "Budagchin Erka",
    "user_url": "https://unsplash.com/@budagchin?utm_source=unsample&utm_medium=referral&utm_campaign=api-credit",
    "photo_url": "https://unsplash.com/photos/a1f1_0AOQss?utm_source=unsample&utm_medium=referral&utm_campaign=api-credit"
  },
  "8MLk2Z57AgM": {
    "user_name": "Joshua Rawson-Harris",
    "user_url": "https://unsplash.com/@joshrh19?utm_source=unsample&utm_medium=referral&utm_campaign=api-credit",
    "photo_url": "https://unsplash.com/photos/8MLk2Z57AgM?utm_source=unsample&utm_medium=referral&utm_campaign=api-credit"
  },
  "cYAicu848wc": {
    "user_name": "Slim Emcee (UG) the poet Truth_From_Africa_Photography",
    "user_url": "https://unsplash.com/@truth_from_africa_photography?utm_source=unsample&utm_medium=referral&utm_campaign=api-credit",
    "photo_url": "https://unsplash.com/photos/cYAicu848wc?utm_source=unsample&utm_medium=referral&utm_campaign=api-credit"
  },
  "5RATwbCzYK4": {
    "user_name": "April C.",
    "user_url": "https://unsplash.com/@never2bforgotten?utm_source=unsample&utm_medium=referral&utm_campaign=api-credit",
    "photo_url": "https://unsplash.com/photos/5RATwbCzYK4?utm_source=unsample&utm_medium=referral&utm_campaign=api-credit"
  }
}